"consumption","SMI","unemployment_proxy","electricity","mobility","net_bankruptcies","air_pollution","c19_cases","stringency"
229488066.963971,10699.82,150705,163.204179715722,0,47.313233616754,21.7,6.85417785217657,0
231125491.646976,10699.82,150705,164.041925981655,0,51.7194323805288,22.833333335,5.97968046571061,0
232749347.154884,10699.82,150705,164.877940789566,0,56.120899820942,30.566666665,5.10449766145943,0
234345263.591534,10699.82,150705,165.709703787196,0,60.5077326713938,42.05,4.22734605359122,0
235912246.425651,10699.82,150705,166.534333850656,0,64.8667155753019,44.38333333,3.34643180650804,0
237455946.167298,10665.41,150705,167.347401085738,0,69.1785824028173,32.133333335,2.45953835000663,0
238968988.201796,10686.8,149954,168.14250408694,0,73.4175803525335,36.95,1.56411447070294,0
240447678.243851,10652.16,149954,168.914243701341,0,77.5579387648042,34.266666665,0.657363001378072,0
241891781.108948,10650.97,150790,169.658521390741,0,81.5701452219468,46.86666667,-0.263669636633955,0
243304028.504546,10639.49,151256,170.372582252841,0,85.4357315124021,53.683333335,-1.20200275830033,0
244689457.302896,10639.49,151476,171.054586990601,0,89.1468724100908,42.06666667,-2.16062931162254,0
246060195.245196,10639.49,151222,171.703262657527,0,92.70229911578,39.016666665,-3.14242204432724,0
247435350.611516,10622.41,151149,172.316027977737,0,96.0918281429981,39.116666665,-4.15003764120986,0
248819142.685599,10655.82,151494,172.88837614853,0,99.2960057753617,47.15,-5.18581854486132,0
250213732.812129,10670.74,151998,173.416908085091,0,102.302869113671,54.566666665,-6.25169219410859,0
251618801.05942,10693.52,152395,173.899329711467,0,105.110425658148,51.233333335,-7.34906744592444,0
253032245.499406,10841.82,152853,174.334013127868,0,107.724552622105,47.75,-8.47872798806173,0
254450396.531414,10841.82,153256,174.719950234093,0,110.15781617629,47.433333335,-9.64072260152913,0
255872494.207821,10841.82,153114,175.057058197237,0,112.423710036186,43.61666667,-10.8342521945361,0
257302787.382751,10846.29,153067,175.343881833304,0,114.52471213566,41.083333335,-12.0575536030322,0
258729213.242109,10884.51,153384,175.577251634086,0,116.452058037576,36.16666667,-13.3077802377473,0
260135805.91656,10895.07,153782,175.755440409621,0,118.204330833581,27.883333335,-14.5808797540514,0
261502342.688744,10813.94,154083,175.878530302508,0,119.785568409524,27.9666666665,-15.8714690292902,0
262805553.74571,10849.75,154056,175.948372721199,0,121.208188218163,27.7000000015,-17.1727068528345,0
264020214.195939,10849.75,154375,175.96883582024,0,122.487429155422,27.91666667,-18.4761648671517,0
265135346.408237,10849.75,154475,175.945304268793,0,123.6405092984,30.85,-19.7716974440243,0
266151492.600691,10675.96,154444,175.88225492531,0,124.672397981282,46.7,-21.0473113387478,0
267055011.054446,10781.98,154806,175.782122489145,0,125.575700487322,48.83333333,-22.2890361368736,0
267838575.378987,10859.88,155170,175.647792910158,0,126.350854859975,52.25,-23.4807966928188,0
268497148.977695,10748.92,155386,175.483137293011,0,127.005341572649,44.25,-24.6042889573871,0
269028815.304411,10627.88,153259,175.293118752617,0,127.549906013265,42,-25.6388608017127,0
269436099.74988,10627.88,153081,175.083362672108,0,127.999293035588,39.91666667,-26.5613996680347,0
269732013.204016,10627.88,152925,174.859369074529,0,128.37069250278,39.416666665,-27.3462291125118,0
269940007.810657,10664.95,153006,174.62441990131,0,128.6684943487,39.36666667,-27.9650165513343,0
270067882.484723,10800.64,153141,174.378614232144,0,128.884251437957,44.116666665,-28.3866947777822,0
270125438.099951,10994.15,153234,174.121538419862,0,129.017149785726,48.65,-28.5774000834854,0
270122935.637531,11012.36,153484,173.853386561935,0,129.073786982036,46.066666665,-28.5004300905972,0
270073212.882442,11001.53,153582,173.575374836687,0,129.06325890194,44.383333335,-28.1162246812489,0
269991420.823796,11001.53,153442,173.29014613145,0,129.00195404179,49.216666665,-27.3823736945683,0
269899549.464323,11001.53,153393,173.001402390551,0,128.905454572049,51.183333335,-26.2536553472176,0
269824848.313366,11039.78,153461,172.711620687232,0,128.776442467778,45.933333335,-24.6821096184902,0
269778134.690624,11101.17,153625,172.42070020941,0,128.604709158577,48.016666665,-22.6171511221429,0
269765969.050762,11089.24,153767,172.128117677559,0,128.386768429802,50.06666667,-20.0057262609732,0
269790916.95778,11092.35,153820,171.833869858105,0,128.123273595891,56.15,-16.7925197226637,0
269852639.57317,11128.81,153895,171.538759806245,0,127.817739294442,55.033333335,-12.9202156222752,0
269948118.589128,11128.81,153652,171.244752041661,0.2,127.48016783569,46.93333333,-8.32981882288975,0
270079177.850995,11128.81,153581,170.954315531223,5.4,127.122979755944,46.1,-2.9610421660331,0
270251808.603851,11168.45,153708,170.668288864978,-1.8,126.745847574726,53.61666667,3.24723448864916,0
270455592.76489,11146.28,154006,170.38456941426,1.2,126.335731513585,51,10.3564273857448,0
270674759.88875,11263.01,154144,170.101179109555,-2.8,125.885517209311,44.95,18.427628046378,0
270889146.477688,11154.53,154188,169.81668078289,0.2,125.395456725544,48.85,27.5208923489334,0
271074936.535674,11110.78,154254,169.530733670668,-1.2,124.871813574201,51.983333335,37.6944334089946,0
271205428.938231,11110.78,154145,169.243628854217,2.4,124.327411721529,49.13333333,49.0037122529197,0
271256915.161327,11110.78,154103,168.955925547826,8.8,123.777687952415,48.56666667,61.5004204636982,0
271209285.569635,10712.84,154247,168.666317321478,2.6,123.225646310577,43.833333335,75.2313492531221,0
271026025.479716,10478.51,154484,168.370225726363,2,122.661913070934,53.38333333,90.2371397909297,0
270668764.933571,10512.15,154626,168.062088162057,-2.4,122.084291943777,53.183333335,106.551010111925,0
270108842.177852,10205.46,154138,167.736522913315,-2.4,121.494120448089,51.716666665,124.19725453695,5.56
269324443.112921,9831.03,151721,167.389602878285,0.8,120.895827673657,55.066666665,143.190512285819,19.44
268301003.40402,9831.03,151401,167.019358647874,-1.8,120.297593298226,52.08333333,163.534002852902,19.44
267040306.090079,9831.03,151325,166.624851853961,2.6,119.707607416771,49.08333333,185.217626681343,25
265556298.34659,9950.83,151377,166.20370314576,-2.6,119.12203036494,52.45,208.21623081399,25
263848600.601035,10087.4,151400,165.750950294309,0.4,118.525051717636,52.016666665,232.487240531018,25
261921050.651962,10251.39,151470,165.262651659253,-0.8,117.906848846728,53.56666667,257.970259489531,25
259780570.177455,10143.57,151418,164.736238740167,-5,117.262446618913,57.666666665,284.584942622596,25
257436948.694137,9736.82,151375,164.170370290419,-2.4,116.589179216001,47.85,312.231247837303,25
254901482.230513,9736.82,151255,163.565500586075,-2,115.890454575144,52.733333335,340.786874546497,25
252194413.126315,9736.82,151205,162.923556360869,2.6,115.170821715569,55.933333335,370.105599038233,25
249344392.446658,9196.6,151316,162.24591044485,-2.8,114.423240611047,49.383333335,400.012018913107,25
246365243.43394,9195.93,151577,161.532183911149,-3.6,113.629154153178,43.75,430.300521211815,25
243270274.217115,9152.5,151682,160.783259046732,-2,112.776262909499,39.816666665,460.744691773165,25
240071760.975393,8270.44,151803,160.002281815074,-2.8,111.860104532133,43.9,491.096086383841,25
236782121.524464,8367.56,151904,159.193238218856,-1,110.880239046913,50.56666667,521.093486361351,48.15
233415847.28782,8367.56,151542,158.360694565188,-7.6,109.842540469216,50.95,550.462163414561,48.15
230000510.036,8367.56,151962,157.509917326137,-9.8,108.760494790517,55.6,578.918379903706,48.15
226572551.513014,8227.08,152782,156.645180269774,-6.6,107.636603748242,58,606.164951972678,59.26
223153603.440168,8493.04,153607,155.768569986746,-22.8,106.46249303034,59.45,631.87930392738,73.15
219776363.512419,8338.74,154360,154.882348977587,-26.2,105.234724664384,61.583333335,655.784243578498,73.15
216468804.419078,8782.24,155212,153.988797943647,-30.2,103.957514428643,63.85,677.647590806366,78.7
213253819.102705,8623.86,155144,153.089865545663,-29.6,102.640554628922,61.133333335,697.292087066951,78.7
210150136.488018,8623.86,155112,152.186856499344,-38,101.301741819582,47.633333335,714.556209057087,78.7
207178210.911326,8623.86,156297,151.280447923106,-45.4,99.9581084995199,38.2500000015,729.322604264959,78.7
204351936.848789,8160.79,158736,150.369654626846,-34.2,98.6165569934521,43.333333335,741.47156455782,78.7
201669089.159972,8733.32,158713,149.451763281227,-34.2,97.2739938152445,45.233333335,750.865049542507,78.7
199122410.657062,8989.16,160834,148.524923773011,-34.8,95.9288638230638,49.766666665,757.436971669407,78.7
196700666.482123,9203.98,160798,147.588507027409,-35,94.5852844756951,48.1,761.170256883952,78.7
194398663.205358,8996.37,160727,146.643272539939,-32.6,93.2498803455413,53.31666667,762.078987434389,78.7
192215083.890221,8996.37,160780,145.691479166281,-34.2,91.9357174765578,63.466666685,760.212528543262,78.7
190156333.207844,8996.37,160668,144.736320447426,-46.2,90.6571369246648,51.2,755.674737534423,78.7
188229394.550272,9174.39,163139,143.779746982456,-36,89.419286174036,38.36666667,748.565650478809,78.7
186428249.168527,9311.92,164259,142.821822583818,-33,88.2182469951515,54.066666665,738.953035973667,78.7
184749724.735777,9168.98,165188,141.864589435691,-33.4,87.0539592298746,59.25,726.960506051156,78.7
183193811.308273,9270.96,165137,140.911963091606,-33.4,85.9285408953691,67.249999985,712.751177439844,81.48
181763936.330793,9242.44,165119,139.969408503971,-30.8,84.8502046128757,64.100000015,696.516770817712,81.48
180466533.653284,9242.44,166278,139.043451938824,-32.6,83.8305701495452,62.63333335,678.465431744973,81.48
179315319.196858,9242.44,167343,138.141315041811,-35.8,82.8838722520675,63.216666665,658.82835410477,81.48
178325183.270765,9462.34,168302,137.269410043459,-31.6,82.0159626101176,70.150000015,637.817485237064,81.48
177499252.241832,9514.6,169093,136.432455905105,-29.6,81.2244045261453,74.833333335,615.606989646413,81.48
176844773.434664,9432.39,169136,135.635398182575,-28.4,80.5092597063397,76.93333335,592.399650088849,81.48
176373172.779635,9452.83,169131,134.883455994404,-24.8,79.8757674164365,77.016666685,568.408188621443,81.48
176101661.65488,9452.83,169060,134.181977806989,-54.8,79.3336159962008,72.433333335,543.847287336249,81.48
176054380.144453,9452.83,169007,133.536214380597,-27.8,78.8989062086562,72.949999985,518.930787506465,81.48
176244590.799649,9452.83,170036,132.949440726144,-37,78.5798054552279,66.833333315,493.849045676545,81.48
176687658.063139,9452.83,171000,132.423082932758,-56.4,78.3765912467178,60.733333315,468.766525312212,81.48
177385354.474422,9538.61,172188,131.955891678465,-31,78.2816831133845,51.95,443.82020497461,81.48
178327348.364287,9320.2,172623,131.544329234628,-32.6,78.2796629263613,59.783333335,419.124686572353,81.48
179504460.968278,9439.91,172574,131.185318794792,-32.6,78.3585843884702,72.133333335,394.792589993557,81.48
180907276.857699,9612.83,172538,130.876652557637,-31.2,78.5128732362396,67.133333315,370.927422657675,81.48
182525752.561258,9612.83,173273,130.616829978246,-31.4,78.7401193477601,55.51666667,347.625212725176,81.48
184351887.643281,9612.83,173268,130.404605208873,-33.2,79.0407613137981,49.483333335,324.973995614246,81.48
186376832.899333,9785.27,175102,130.237402952857,-33,79.4073637131857,52.45,303.041544221808,81.48
188578119.684516,9547.85,175801,130.110666373506,-31.8,79.8245870486232,51.383333335,281.871834045218,81.48
190930596.400544,9630.56,176431,130.020161518671,-31,80.2821510864399,65.266666685,261.506236427413,81.48
193406755.430762,9625.48,176390,129.962510227367,-30.6,80.7736931342603,75.249999985,241.979235527934,81.48
195976558.422474,9625.65,176362,129.934911490726,-28.2,81.2977222845998,73.266666665,223.314664882658,81.48
198608569.957141,9625.65,177138,129.935020087889,-29.6,81.8520702606607,63.61666665,205.532860103937,81.48
201283169.723182,9625.65,177901,129.960849440926,-32.6,82.4384390134169,57.35,188.648525337613,81.48
203984234.901021,9758.82,177395,130.009107151989,-25.4,83.0503452868161,55.11666667,172.664511443525,77.78
206682727.238408,9889.46,177677,130.074604102347,-27.8,83.6730619809047,44.066666665,157.570904428974,77.78
209359453.660005,9865.32,177776,130.152479139793,-26.6,84.2997569612005,48.75,143.357823850128,77.78
212002123.804549,9629.4,177690,130.238982658358,-26.6,84.929330787023,42.966666665,130.0149321727,77.78
214604889.27591,9629.4,177657,130.331403722402,-37.4,85.5613540419956,48.35,117.529556080028,77.78
217169211.993979,9629.4,178165,130.428496737076,-26.4,86.2014043766633,40.433333335,105.886120762219,77.78
219697977.604619,9629.4,178715,130.529379269303,-26.4,86.8586033061666,48.333333335,95.0655984537854,77.78
222198632.304695,9390.27,179204,130.632630836718,-24.4,87.5334522052084,50.15,85.0430727771589,77.78
224662974.810508,9512.17,179683,130.735094511532,-26.4,88.2177665881611,40.633333335,75.7863207949197,77.78
227087011.597531,9571.7,180004,130.83384531397,-24.4,88.9092086241764,53.633333335,67.2636152623838,77.78
229469118.700058,9617.98,179889,130.927153192128,-22.8,89.6089187057472,66.266666665,59.4429503027766,77.78
231809875.462818,9665.35,179853,131.01418078762,-21.6,90.3155463045042,67.316666685,52.2934936777951,77.78
234111276.673475,9665.35,180271,131.094749784429,-19.6,91.0333800002072,64.38333335,45.7830688541171,77.78
236380548.743243,9665.35,180690,131.168962619522,-23,91.768576817986,55.033333335,39.8801699490465,77.78
238626745.145671,9689.71,181027,131.235437572695,-18.4,92.5181904449699,44.416666665,34.5526127730052,74.07
240841850.065832,9733.53,181352,131.290545908015,-15.6,93.2700977106067,36.5,29.7658251194101,74.07
243019973.509587,9631.62,181607,131.331841338318,-19.2,94.0154236252995,27.983333335,25.4864795204104,74.07
245157187.875888,9448.14,181452,131.358591422763,-17.4,94.7510661896806,38.616666665,21.6824719256394,74.07
247249613.226636,9483.1,181416,131.372023768333,-16.2,95.4828218620196,42.7,18.3228496367844,74.07
249294578.767047,9483.1,181738,131.375230723158,-12.2,96.2198119939672,56.016666665,15.3781917083318,74.07
251295521.62491,9483.1,182028,131.372939849803,-13.6,96.9752096549877,70.183333335,12.8213449098088,74.07
253262687.122842,9740.77,182290,131.36919208815,-13.6,97.7525659333462,78.216666685,10.6251181915711,74.07
255187580.498794,9764.23,182269,131.366082386476,-11.4,98.5457343963423,71.01666665,8.76223836948195,74.07
257060181.899908,9790.85,182363,131.36614884882,-6.2,99.356193354682,60.316666665,7.20776974758738,74.07
258870923.809972,9790.85,182301,131.37261059434,-44.2,100.192166545632,61.316666685,5.93950040609397,74.07
260615544.277689,9688.99,182288,131.389081891281,-13.4,101.066142087124,68.599999985,4.93739764823834,74.07
262272060.549975,9688.99,182550,131.417344468629,-17,101.980588880433,53.18333333,4.18193482721029,74.07
263829510.405425,9688.99,182785,131.458530065599,-12,102.939669212629,47.133333335,3.65509155643983,74.07
265280333.652972,9824.54,183102,131.512688805071,-11,103.937347311889,51.28333333,3.3398292558731,74.07
266598037.743915,9830.83,183002,131.577762893578,-9.6,104.957293439474,60.449999985,3.21974383629884,74.07
267766298.316181,9716.52,183038,131.652162246041,-10.4,105.992984121911,62.149999985,3.2795972255825,74.07
268775829.406629,9926.03,181422,131.735045543204,-10.4,107.048300156383,70.716666685,3.50562937720481,74.07
269624300.654983,9831.49,181197,131.826309104084,-9,108.12682304166,57.83333335,3.88625228492294,74.07
270317068.387626,9831.49,181157,131.926679744085,-4.8,109.2423294465,57.966666685,4.41252737955754,74.07
270874656.906578,9831.49,181148,132.037350091932,-2.2,110.413683357353,56.316666665,5.07722746670097,74.07
271329482.438517,9831.49,181198,132.158321521402,-40.4,111.648824527725,59.266666665,5.87368409920732,74.07
271694953.627233,9951.45,181158,132.287352737796,-6.2,112.944651342789,70.48333335,6.79542110718346,74.07
271969274.212671,10183.77,181154,132.420252365252,-10.4,114.286897305261,68.98333335,7.83567495232718,74.07
272157950.081414,10075.68,181086,132.553361732263,-13.2,115.667501452727,55.133333335,8.9893025542246,74.07
272270782.732322,10190.37,181064,132.683807591987,-10.8,117.086074133039,51.3,10.2526772649671,74.07
272321386.156048,10190.37,180976,132.809923777228,-7.6,118.545158943906,31.516666665,11.6229735063904,49.07
272333860.340373,10190.37,181198,132.931057152541,-21.2,120.048890875623,43.1,13.0978404326049,49.07
272341275.756761,10152.77,181327,133.045706315053,-10.6,121.58955040259,49.033333335,14.6747649003691,43.52
272357254.482141,10184.82,181428,133.150880186066,-10.2,123.14741311012,42.766666665,16.3507239823983,43.52
272395320.131169,10147.18,181499,133.244613463251,-9.6,124.706895628485,46.3,18.1237272749182,43.52
272467626.48425,9828.58,181176,133.32658652901,-17.2,126.258399846648,53,19.9912493017566,43.52
272586792.293678,9796.37,181376,133.397979311088,-8.6,127.797456964007,60.65,21.9513522140129,43.52
272762144.533497,9796.37,181591,133.460231716638,-8,129.325272339976,52.366666665,24.0025990378566,43.52
273007957.596123,9796.37,181813,133.514977067131,-15,130.848471588273,39.466666665,26.1447576642359,43.52
273342540.371018,9842.56,181965,133.562461763237,-9.6,132.360747795381,44.95,28.3760957241959,40.74
273764788.247184,10034.29,182032,133.600949838031,-8,133.842709200626,49.85,30.6934663730136,40.74
274270396.770786,10202.19,181949,133.629211096567,-11,135.282527968554,47.483333335,33.0940851563949,40.74
274851697.348964,10186.5,181915,133.64663078951,-10,136.669291992789,50.583333335,35.5741982734079,40.74
275498033.291783,10266.29,182110,133.653665248753,-10,137.995860914159,47.95,38.1285425146062,40.74
276196815.591971,10266.29,182229,133.65166277561,-6.2,139.259327444294,47.55,40.7500972507142,40.74
276938587.263228,10266.29,182284,133.642758584781,-3.8,140.460684708732,48.116666665,43.4317289982065,40.74
277717273.879694,10151.13,182503,133.627709968797,-9.2,141.586999900265,48.316666665,46.1654292638317,35.19
278507505.674482,10246.56,182494,133.604797146473,-7.6,142.611294143217,64.583333335,48.9401463814385,35.19
279279710.494919,10021.99,182544,133.572543530116,-8,143.515029861919,76.399999985,51.7458121419495,35.19
280000738.103463,10089.83,182424,133.529839272596,-6.2,144.28520835129,78.566666685,54.5711643216495,35.19
280636339.049823,10041.91,180818,133.476184342063,-7,144.914779403261,67.48333335,57.4061661156084,35.19
281163679.525198,10041.91,180688,133.411919638659,-4.6,145.40846428893,61.249999985,60.2401236024644,35.19
281575337.522682,10041.91,180832,133.338240116381,-6.4,145.773092801455,43.266666665,63.065802244244,35.19
281874539.566015,10060.46,180982,133.255113732034,-7.8,146.00095388756,42.65,65.8735434906134,35.19
282047474.929486,10045.3,180989,133.160394100018,-4.2,146.069759184694,56.716666665,68.6497822110146,35.22
282086388.691528,10089.67,180888,133.052470952133,-6.8,145.968220234916,55.566666665,71.3903659205403,35.22
281988659.931979,10187.56,180841,132.930474265918,-6.4,145.696241604366,40.33333333,74.0980771560621,35.22
281757352.404011,10125.84,180900,132.794635857396,-6.4,145.25983103716,40.65,76.7786594178598,35.34
281401390.729199,10125.84,181158,132.646415234644,-4.6,144.673826653254,52.33333333,79.4431463984974,35.34
280941143.811582,10125.84,181400,132.488088219494,-0.4,143.964540589501,42.55,82.1044939245971,35.34
280403984.132522,10253.38,181749,132.320571457283,-7.8,143.143817600089,43.25,84.7703135081412,35.34
279799631.992001,10207.96,181868,132.142551501407,-5.6,142.209105985146,53.366666665,87.4436062117199,35.34
279140743.308289,10178.41,181767,131.953582526717,-8.4,141.170039663041,57.86666667,90.1294960665722,35.34
278441533.969957,10143.38,181736,131.754102134251,-8.6,140.041431641542,56.166666665,92.835062743316,35.49
277716269.367244,10229.97,181908,131.545542000279,-10.4,138.842277924453,62.65,95.5680729629623,35.49
276979404.45619,10229.97,182124,131.330479629833,-7.6,137.595970372414,49.85,98.3367099402487,35.49
276250854.467603,10229.97,182396,131.112498283288,0.2,136.327716618272,55.533333315,101.150700082615,35.49
275556237.947142,10300.96,182774,130.894150015553,-8.8,135.048964697835,65.166666665,104.017036126509,35.49
274903467.77812,10259.5,183017,130.675793306523,-8.6,133.757529875252,72.05,106.937195738368,35.49
274297938.212655,10460.01,182919,130.458274716658,-11,132.453322518202,55.116666665,109.914254881018,35.49
273742212.678288,10433.43,182890,130.243273449457,-11,131.140577241373,40,112.953495797711,35.57
273237755.081939,10410.52,182880,130.033542219661,-11.6,129.823283327205,37.366666665,116.061509306212,35.68
272785346.251758,10410.52,183429,129.832913378522,-8.4,128.510816000413,59.099999985,119.244190874703,35.68
272389585.45019,10410.52,183612,129.645883339663,-0.6,127.214768157378,65.766666665,122.507329820438,35.68
272057036.176451,10470.92,183893,129.475494339697,-11.2,125.933881612882,71.466666665,125.852791041582,35.8
271776607.035417,10444.05,184061,129.322365301774,-10.8,124.654176704891,72.349999985,129.274388703321,35.8
271533833.725541,10439.04,184018,129.18725211641,-12.2,123.36928038321,67.083333335,132.766051691734,35.8
271311659.727575,10383.38,183989,129.071596218631,-11.8,122.080554179973,71.85,136.322581454029,35.8
271091149.4293,10214.21,184271,128.977524219282,-12.2,120.792322699275,60.266666665,139.937302832248,35.8
270852601.473522,10214.21,184615,128.907707795183,-9,119.512802489796,54.7,143.604208410285,35.8
270591706.290004,10214.21,184872,128.865096290447,-2.8,118.254830867942,43.316666665,147.318097041752,35.8
270311001.964463,10272.34,182763,128.851056563274,-10.8,117.019293869873,60.15,151.068907159419,35.8
269997557.180987,10277.2,182579,128.864538560415,-11.2,115.79525204866,65.849999985,154.837545386353,35.8
269644695.482264,10272.81,182453,128.904444702066,-11.4,114.57936402799,59.466666665,158.609111454905,35.8
269249926.49247,10095.34,182393,128.970246045097,-11.6,113.372808906343,81.516666665,162.372121342885,35.8
268816006.695228,10005.9,182672,129.061721175716,-11,112.180507845796,82.75,166.121230116961,35.8
268351672.967014,10005.9,183056,129.179015889909,-35.2,111.010344727535,70.86666665,169.856055631664,35.8
267877650.003133,10005.9,183349,129.322710424563,-8.6,109.875985381965,62.149999985,173.576003618515,35.8
267400833.864495,10229.67,183505,129.491889338055,-10.6,108.779994605013,35.2,177.273194203471,35.8
266912423.938708,10162.04,183714,129.683699957782,-10.2,107.713949594071,43.583333335,180.930389912127,35.8
266411733.471594,10097.97,183488,129.895720879994,-11,106.675449547071,51.38333333,184.532225950658,35.8
265903696.433083,10067.13,183434,130.12601182988,-11.6,105.667822266984,61.81666667,188.063344486248,35.8
265396984.148555,10068.03,183687,130.372864061046,-13.2,104.696528011825,73.216666665,191.505134463486,35.8
264903544.707748,10068.03,184135,130.634796102418,-10,103.775160257387,80.616666685,194.835778492512,35.8
264442090.919386,10068.03,184446,130.910525823124,-2.2,102.919842826657,76.5,198.032808670018,35.8
264034951.255521,10090.91,184666,131.197450253384,-10,102.136322026599,79.366666685,201.067273514851,35.8
263688266.016513,10153.24,184917,131.490822287544,-8.6,101.420052179893,70.766666665,203.900418264986,35.8
263408390.552397,10278.66,184566,131.786706837746,-10.6,100.770273977018,78.53333335,206.501481431052,35.8
263200409.691706,10260.11,184474,132.08241486817,-10.2,100.187586103231,56.6,208.844811481847,35.8
263067842.354717,10163.6,184857,132.376575657967,-9.8,99.6773102163964,56.06666667,210.90870673803,35.8
263014441.683842,10163.6,185317,132.669046742888,-12.8,99.2455492157659,60.4,212.677881039103,35.8
263049207.715851,10163.6,185584,132.960550796889,-1.8,98.9020382695693,64.83333335,214.139257353906,35.8
263180454.901652,10228.06,186019,133.250504880531,-8,98.6465879911157,57.31666667,215.273390863166,35.8
263399745.719176,10168.4,186323,133.536286422497,-7.4,98.469118789886,48.783333335,216.053122821879,35.8
263696616.231267,10310.01,186166,133.815985094201,-8.2,98.3642864165629,55,216.458267145956,35.8
264057984.361296,10229.92,186108,134.088395766534,-9.2,98.3287997099504,69.183333315,216.47643243902,35.8
264468550.006111,10218.2,186448,134.353020246348,-10,98.3620310802098,70.233333315,216.102081477984,35.86
264910973.971225,10218.2,186911,134.61036926904,-8.4,98.4660200575328,44.883333335,215.342929396557,35.94
265370403.373549,10218.2,187301,134.86198077418,-3.4,98.6430699690022,46,214.216481120218,35.94
265836369.655597,10308.39,187587,135.108488477663,-7.6,98.8856375396942,52.48333333,212.737907281551,36.02
266281411.561346,10231.25,187849,135.348251128334,-5.6,99.1763151876899,59.75,210.914556865022,36.02
266676556.946007,10309.65,187698,135.580054959064,-6.8,99.5045067673153,50.75,208.762905064371,36.02
267002239.608536,10240.46,185155,135.803457290987,-7.4,99.8634985013776,59.366666665,206.312135617652,36.61
267245015.213392,10164.49,184981,136.019004505845,-10,100.248226162008,47.033333335,203.606755972411,36.61
267397580.482577,10164.49,185206,136.228111781748,-10.2,100.657439171487,36.96666667,200.705842362637,36.61
267463820.295868,10164.49,185327,136.433103005187,-16.6,101.091662129478,43.75,197.685810346717,36.61
267457458.201996,10135.56,185625,136.635342122464,-7.8,101.54135389173,43.16666667,194.624504898804,36.61
267375875.434962,10188.85,185816,136.834605202071,-7,101.986864147776,44.816666665,191.594402412015,36.61
267221204.676845,10384.84,185712,137.031311968787,-8.2,102.413588451762,54.816666665,188.683216828979,36.61
266999575.884483,10220.64,185674,137.226678110312,-8,102.814223671418,62.133333335,185.995902652081,36.61
266720549.762644,10153.09,185873,137.422760812508,-7.8,103.185125315629,70.933333315,183.660246062023,36.61
266396885.50881,10153.09,185859,137.622433333018,-7.6,103.532467470913,69.333333315,181.829233649247,36.61
266050096.306885,10153.09,186596,137.82910703456,-8.4,103.868705711256,37.61666667,180.680085979582,36.61
265707434.574423,10297.8,186810,138.044659456712,-7.8,104.195942363899,48.9,180.401240695505,36.61
265379953.488747,10250.44,186803,138.268868575127,-6.6,104.505892885509,57.616666665,181.180067430869,36.61
265080174.412421,10406.57,186609,138.502059726833,-8,104.797053138519,66.683333335,183.232595695486,36.61
264819980.448064,10387.44,186447,138.74524885929,-10,105.074068396071,74.28333335,186.795436992409,36.61
264610508.602549,10439.52,186447,139.000171100536,-8.4,105.343904225994,68.433333315,192.133079565123,36.61
264461679.508208,10439.52,187059,139.269146778332,-7,105.61951878928,71.08333335,199.542032113407,36.61
264388235.924812,10439.52,187287,139.554943546111,-1.2,105.919135856495,63.03333335,209.352890029128,36.61
264408934.917378,10457.43,187601,139.858751822375,-7.4,106.250417246328,69.583333335,221.902894500865,36.61
264526029.719936,10520,187733,140.179184201444,-6,106.61043286388,75.366666685,237.532151428261,36.61
264738327.470519,10552.04,187645,140.515152830985,-8,107.000727572531,75.216666665,256.60897642147,36.61
265040813.732791,10519.33,187603,140.866222728065,-8.4,107.426585192372,79.2,279.523731875519,37.5
265425539.833968,10539.17,187798,141.232576193546,-8.2,107.894489470737,65.516666685,306.692719287791,37.5
265882782.118493,10539.17,188185,141.614990258311,-8,108.410781496442,48.166666665,338.554187782454,37.5
266405599.161927,10539.17,188416,142.01468800997,-4.2,108.978012909354,59.749999985,375.56011721183,37.5
266990288.382615,10325.44,188376,142.431414580339,-12.4,109.587894271192,55.466666665,418.15703200936,37.5
267615627.037491,10355.57,189004,142.862426395723,-7,110.221238342384,49.933333335,466.773900596826,37.5
268254703.014846,10330.06,188946,143.304987484729,-8.4,110.86449909393,51.466666665,521.837375692789,37.5
268876874.876871,10211.53,188874,143.756719715263,-9.4,111.508508372997,45.983333335,583.769932625627,37.5
269448983.004954,10216.28,189123,144.215606450245,-8.6,112.14391157684,47.85,652.980762986443,37.5
269937717.936595,10216.28,187169,144.68016870228,-9,112.76590325188,35.88333333,729.85148137285,37.5
270328321.935694,10216.28,187022,145.149840060802,-11.2,113.377163553379,35.283333335,814.734304306195,37.5
270618870.140757,10308.67,187314,145.623174273712,-8,113.969096046272,34.81666667,907.930663159804,37.5
270792096.578597,10229.3,187468,146.096847369095,-7.6,114.521766579141,35.91666667,1009.67251587647,37.5
270837520.714511,10187,187380,146.568113133071,-7.8,115.020044090963,34.908333335,1120.13782733275,37.5
270749332.757641,10238.12,187345,147.03541512656,-8.8,115.452045344055,36.316666665,1239.44849515338,36.64
270526662.251858,10252.4,187576,147.497980587961,-9.2,115.81478509633,35.366666665,1367.66840318062,37.83
270174696.113252,10252.4,187904,147.955971033979,-8.6,116.11553290116,45.93333333,1504.79759040717,37.83
269709554.046492,10252.4,188119,148.410250113521,-8,116.368776833413,43.55,1650.76702898536,37.83
269156249.072237,10303.06,188454,148.86057351816,-9.8,116.577393414663,38.4,1805.40841130841,37.83
268523308.673637,10233.16,188635,149.304408685908,-9.2,116.732622288802,40.066666665,1968.41995306673,37.83
267822536.113739,10187.88,188493,149.739893967195,-10.6,116.830245360381,44.916666665,2139.42112910958,37.83
267067802.363419,10270.24,188456,150.166136095614,-10,116.875971271723,41.183333335,2317.94427229099,37.83
266274847.003645,10320.03,188673,150.583153229547,-10.8,116.875325640612,38.6,2503.44547335199,38.07
265460460.537546,10320.03,188976,150.991496400372,-11.2,116.839146487707,37.016666665,2695.29612860636,38.07
264646915.442251,10320.03,189205,151.391770246629,-12.2,116.782184301103,41.23333333,2892.7894898206,38.07
263862350.385838,10364.1,189460,151.783153383822,-10.6,116.707505654246,41.28333333,3095.07437914833,38.39
263117583.168536,10336.36,189452,152.162701254528,-9,116.606498902151,38.63333333,3301.09153979421,38.39
262421215.17224,10292.66,189472,152.528293398786,-10.2,116.476481649268,38.633333335,3509.72800752495,38.8
261779286.229726,10067.96,189432,152.87888510117,-11.2,116.317710850158,31.4,3719.80940895328,39.4
261195826.600952,10207.13,189692,153.214397471594,-11.2,116.132595811215,27.85,3930.11029789123,39.4
260674121.804354,10207.13,190125,153.536336570232,-10.6,115.93061406775,30.95,4139.37254720988,39.4
260221790.919509,10207.13,190505,153.847454606259,-12,115.732429895492,36.61666667,4346.31311875056,39.57
259850655.480712,10184.36,190886,154.149546711897,-10.4,115.547114508762,34.216666665,4549.47293709984,42.71
259554880.733566,10146.23,191166,154.442374001213,-10,115.372165878893,40.1,4747.13689553251,42.71
259324236.491028,9989.75,191093,154.726598152756,-11.6,115.210027265767,36.25,4937.67464002942,42.86
259144712.905978,9999.05,191062,155.003999335443,-12.2,115.070904712678,40.616666665,5119.54860288219,43.16
258999389.160351,10023.9,191494,155.277181840236,-13.6,114.964983260193,39.733333335,5291.37254891817,43.38
258869660.158688,10023.9,192074,155.549488020234,-9.4,114.911040858408,44.25,5451.92538810452,44.69
258747041.342916,10023.9,192470,155.824916486553,-8.8,114.925758959094,35.65,5600.20729315352,44.69
258632212.203645,9985.62,192650,156.105803129405,-13.8,115.014327909933,44.166666665,5735.13944423865,44.73
258509998.701352,9887.49,191028,156.392416709303,-9.8,115.170445482714,40.666666665,5855.40370080399,44.73
258370539.603993,9618.65,190780,156.686200605889,-11.8,115.391208016436,38.516666665,5960.12130834928,44.73
258209588.894052,9556.14,190728,156.989695401764,-12.8,115.680494805546,42.15,6048.80257200416,46.87
258027569.059456,9587.15,192115,157.306286958787,-11,116.043646023692,39.25,6121.28978476754,46.95
257829844.924941,9587.15,192981,157.640227856648,-10.6,116.488933795041,25.733333335,6177.71765938087,46.95
257632491.342135,9587.15,192462,157.99599827906,-19.6,117.019525879157,26.283333335,6218.50297960719,47.22
257460351.975378,9791.68,193028,158.376464828791,-12.2,117.626941142225,38.43333333,6243.9575574439,51.21
257321735.752372,10003.82,193307,158.782002444982,-13.8,118.290996497843,38.01666667,6254.13395459008,51.21
257228711.982622,10286.79,193187,159.212552521369,-14.6,118.995146165492,35.95,6249.51173698943,51.92
257195036.29916,10306.35,193164,159.668345154504,-14.4,119.731215265005,27.95,6230.9046571899,51.92
257236466.110116,10322.57,193766,160.150409473329,-13.2,120.4988294016,24.75,6199.37221656581,57.48
257371357.158994,10322.57,194490,160.660557273729,-13.2,121.301141058965,17.15,6156.13362602575,57.48
257625770.384185,10322.57,194958,161.200925561131,-20,122.144552837851,19.85,6102.52585925662,57.48
258031802.273764,10417.99,195565,161.772098989625,-14,123.023337224902,23.333333335,6039.68917658287,57.6
258603447.446267,10360.69,196179,162.372053479987,-13.2,123.919552251478,21.383333335,5968.4514857428,57.6
259352033.692706,10532.27,196182,162.99880919588,-14.4,124.822153615215,27.55,5889.90502555726,57.6
260286514.672045,10496.2,196184,163.650853364154,-13.8,125.728605058527,37.51666667,5805.28388969841,57.6
261413824.474079,10492.61,196259,164.327086266414,-12.6,126.638888108465,36.56666667,5715.86858133585,57.6
262738290.698137,10492.61,197246,165.026510926063,-11.2,127.559911431574,39.483333335,5622.95527525032,57.6
264266956.507299,10492.61,197423,165.748171930375,-17.2,128.499219805587,42.75,5527.83645936429,57.6
266010284.885878,10586.74,197684,166.489102145872,-14.4,129.451602017097,51.81666667,5431.56272607276,57.6
267959634.025634,10565.12,198457,167.243349524913,-12.6,130.398996930712,39.166666665,5334.86338412482,57.6
270101039.719639,10563.89,198363,168.004693277743,-13.2,131.327798250844,27.3,5238.58288599692,57.6
272415003.185063,10490.77,198326,168.766953773404,-15,132.232459782206,46.916666665,5143.5738978271,57.6
274876955.929001,10495.65,199304,169.524167021249,-12.8,133.11080254969,36.316666665,5050.65102746481,57.6
277458304.333935,10495.65,199514,170.270921425226,-11.8,133.968924332207,34.883333335,4960.56382536975,57.6
280132479.335349,10495.65,199981,171.002509900269,-20.4,134.819011828417,28.55,4873.98917689879,57.6
282876069.856497,10464.4,200612,171.71336322059,-13.6,135.659854844542,29.616666665,4791.36501102634,57.79
285644580.457397,10491.59,200944,172.395867250652,-12.6,136.476761285624,26.933333335,4712.82895780909,57.79
288387881.814882,10488.27,200871,173.042832288805,-11.6,137.25627307122,25.8,4638.58291080265,57.79
291052639.335241,10497.79,199067,173.648030173413,-11,137.993684444758,25.933333335,4568.80078066684,57.79
293595660.58758,10501.18,199309,174.206311803942,-8.6,138.68886402236,24.483333335,4503.62281977033,57.79
295983049.339971,10501.18,200049,174.713701757202,-9.2,139.343181051702,24.41666667,4443.12780040384,57.79
298204325.73993,10501.18,200682,175.167229763452,-21,139.966635894059,22.316666665,4387.35113257604,57.79
300263090.287934,10476.43,201320,175.563074029332,-11.2,140.555294592599,24.266666665,4336.11501351558,57.79
302144723.83079,10449.21,201797,175.89585404743,-11.4,141.091226526904,31.98333333,4288.97210533781,57.79
303841133.042976,10435.36,201715,176.16168163955,-11.6,141.559945547095,29.966666665,4245.56855865678,57.79
305346517.633987,10342.63,201685,176.3585879683,-10.4,141.953056380638,36.66666667,4205.54672687599,57.79
306658073.58711,10364.5,202304,176.486447460544,-11.8,142.272007760448,37.166666665,4168.56670654309,57.87
307776244.469971,10364.5,202895,176.546735152011,-10.8,142.520453113799,33.466666665,4134.30003953304,57.87
308708579.339242,10364.5,203454,176.542355959072,-22,142.708518667191,34.38333333,4102.45751105012,57.94
309470804.075337,10375.38,204026,176.475731171684,-11.6,142.83207860181,40.05,4072.58837629467,57.94
310057158.975348,10394.1,204463,176.347805802397,-15.8,142.872736246979,33.85,4044.02544471594,57.94
310462647.953852,10430.02,204371,176.160691434536,-12.4,142.818911724159,32.8,4016.27706692551,58.1
310679390.486533,10395.96,204259,175.917825029464,-10.6,142.667637881186,34.25,3988.91419099054,57.72
310698507.527375,10391.76,204833,175.624562309009,-10.8,142.421165674722,35.3,3961.63023727146,57.75
310512071.789814,10391.76,205433,175.288357513469,-11,142.086079297645,37.65,3934.18353470961,57.46
310117525.734238,10391.76,205913,174.918715535681,-26.6,141.670420826261,35.2,3906.40414922261,57.46
309516884.718352,10373.03,206567,174.524653178748,-10.2,141.168023728951,27,3878.01502837462,57.36
308689359.81429,10341.18,207066,174.113488740433,-9.8,140.558554432008,24.9333333315,3848.55707931484,57.36
307613692.095311,10456.78,207036,173.693523024637,-9.4,139.827262559358,26.666666665,3817.77490768968,57.36
306269803.875494,10540.36,207019,173.274233419641,-8.8,138.97254187948,29.266666665,3785.54486343756,57.32
304642275.872811,10523.86,207883,172.866057005301,-8.6,138.001303434597,26.18333333,3751.84341900621,57.32
302722079.237342,10523.86,208767,172.480237842752,-9.2,136.927561012744,19.8499999985,3716.70719235694,57.02
300516112.212184,10523.86,209199,172.128414698138,-24.4,135.772628271615,19.4000000015,3680.2318171092,57.02
298043907.212906,10305.52,209155,171.821104255588,-8.2,134.544126112801,31.95,3642.40875616319,57.02
295305020.808559,10403.37,209144,171.566654119233,-9.6,133.236098175065,36.133333335,3603.05694923741,68.45
292315198.23137,10411.92,209124,171.373198206769,-7.6,131.85173368456,35.433333335,3562.19369517474,68.24
289106494.652488,10411.92,209040,171.247957927716,-23,130.406398257621,41.3,3519.93608712312,68.52
285733190.394537,10411.92,208944,171.196729313658,-60.6,128.929372337215,34.366666665,3476.492398861,68.52
282257857.216078,10411.92,208973,171.223108297593,-45.2,127.463495726483,39.4,3432.0236105581,68.52
278719883.458129,10411.92,206285,171.328246952699,-35.8,126.038715291331,39.45,3386.51515314427,69.02
275140968.300089,10603.49,205800,171.511399455934,-21,124.672231548095,49.416666665,3339.84475518827,69.02
271522563.179511,10682.04,205755,171.769988422092,-20.6,123.368641141581,44.483333335,3291.76289374358,69.02
267879190.833217,10703.51,206361,172.100622691769,-18,122.151373493438,44,3242.18926138815,69.02
264235778.103711,10703.51,206770,172.49900431105,-23,121.059821161203,35.4,3191.16057441055,69.02
260630663.989316,10703.51,207260,172.960036101591,-59.8,120.125961565064,34.25,3138.81033017323,69.02
257107277.90394,10703.51,207644,173.477593940587,-33.8,119.379866143091,27.55,3085.25830998118,69.02
253687801.783197,10703.51,207411,174.043080308322,-35.6,118.839593737199,28.65,3030.47831410637,69.02
250387107.091909,10738.39,207338,174.646110631698,-17.6,118.511265202688,26.41666667,2974.40741698978,69.02
247201549.181418,10694.09,207920,175.274306455533,-18.6,118.389117435484,28.816666665,2916.90144524098,69.02
244133281.474157,10747.08,208581,175.916062749293,-22.4,118.465536204993,31.25,2858.04658472785,69.02
241186750.376645,10778.67,209084,176.561211411811,-19.6,118.730768368879,31.983333335,2798.05373117372,69.02
238366454.143248,10797.99,209676,177.200886240601,-19,119.164614231183,38.066666665,2737.18277564348,69.02
235678727.805898,10797.99,210064,177.827433933289,-18.2,119.754901019112,33.916666665,2675.73150382887,69.02
233135969.541811,10797.99,209782,178.434425780556,-36,120.493739498446,31.65,2614.02888314408,69.02
230755704.817021,10870.42,209704,179.015255117629,-15.4,121.361264944865,38.466666665,2552.30450785294,69.02
228537860.585811,10875.25,210343,179.562168014387,-18.2,122.325563260099,43.266666665,2490.65586933092,69.02
226482726.32748,10846.88,210905,180.069254736438,-17.6,123.360984219386,47.166666665,2429.27112850275,69.02
224588415.724772,10850.81,211297,180.532756151198,-19.6,124.447145041635,44.6,2368.34998070619,69.02
222853630.462095,10877.06,211655,180.95015587452,-18,125.568226847335,39.716666665,2308.09529416617,69.02
221278174.455686,10877.06,211999,181.32012778281,-17,126.711666042468,37.333333335,2248.69700210955,69.02
219868400.896934,10877.06,211933,181.64263129329,-41.8,127.880842210334,38.966666665,2190.33012823376,69.02
218640637.347983,10888.54,211895,181.91763456925,-21.6,129.066463767628,46.83333333,2133.07852653604,75
217594062.554187,10876.98,212403,182.143782068313,-21.4,130.246451046823,47.5,2076.89631800078,75
216723710.911567,10945.46,212394,182.320754953014,-22.2,131.404017734017,51.183333335,2021.81891575974,75
216020426.773987,10913.11,213302,182.449529532783,-22.6,132.532852870202,56.283333335,1967.90704331286,75
215471637.585319,10930.81,213427,182.532221447852,-21.2,133.627305094597,61.966666665,1915.24724226851,75
215061829.504562,10930.81,213623,182.571489359202,-22.6,134.685969761133,45.366666665,1863.93476353075,75
214777678.456252,10930.81,213623,182.569918424787,-28.4,135.711679493234,44.333333335,1814.07703327938,75
214607092.561875,10925.7,211124,182.528675560347,-22.8,136.693798317345,46.766666665,1765.70488421788,75
214523165.618874,10964.05,211123,182.446694507638,-20,137.608119091963,47.016666665,1718.74094134637,75
214504919.672533,10904.24,211849,182.323789644763,-23.2,138.439965295754,43.93333333,1673.18035917658,75
214536845.084476,10849.82,212173,182.161041493549,-22.4,139.180899595474,39.183333335,1629.03021812609,75
214606302.172958,10591.06,212478,181.961224535403,-20.2,139.835340661349,43.66666667,1586.31728057654,75
214705331.621128,10591.06,212675,181.727928541482,-22.8,140.414389073646,46.916666665,1545.08340588779,75
214836414.014316,10591.06,212550,181.464719352408,-28.2,140.931861878566,36.816666665,1505.38832169164,75
215008629.840789,10740.22,212516,181.173515242149,-22.4,141.387534683404,44.916666665,1467.23914727926,75
215218059.513314,10803.57,212848,180.85342607102,-20.4,141.767089909262,44.03333333,1430.56626310972,75
215465132.606275,10775.68,213228,180.503502779777,-22.4,142.06147122378,45.716666665,1395.3695257273,75
215753207.792202,10860.95,213220,180.122650531575,-19.6,142.265245585604,53.883333335,1361.67073504999,75
216087281.024667,10755.47,213220,179.709671429686,-18,142.377773806257,35.45,1329.52515404323,75
216475111.940559,10755.47,213220,179.263179642922,-19.4,142.409690172705,20.4166666665,1298.99617859894,75
216932199.80947,10755.47,213228,178.781327073751,-31.2,142.379391194533,43.166666665,1270.16485209361,75
217478281.038693,10778.83,213477,178.260083196365,-20.4,142.291032412309,42.85,1243.07101828591,75
218118933.804942,10803.67,213737,177.692749957991,-19.8,142.13453142748,37.61666667,1217.69480444927,75
218859741.673428,10825.75,213947,177.072844802667,-21.6,141.904576738254,36.53333333,1194.06673075532,75
219704777.452479,10852.91,214156,176.394864769531,-20.6,141.603243389694,41.016666665,1172.23034789521,75
220656780.51696,10880.37,214188,175.654736564915,-19.4,141.23551596919,41.183333335,1152.23549988706,75
221716786.232486,10880.37,214087,174.850706036293,-20.6,140.814918739793,41.2,1134.13200771417,75
222889247.677624,10880.37,214052,173.98383073113,-20.6,140.365552412959,42.73333333,1117.96756880983,75
224181065.166413,10940.99,214163,173.056452796572,-21.4,139.897436208267,47.683333335,1103.7482674066,75
225585087.04763,10907.6,214162,172.071131488798,-18.6,139.406552790057,47.1,1091.41669098014,75
227090785.441832,10809.28,214531,171.032559516529,-19.2,138.894595079047,55.38333333,1080.93565217936,75
228684421.324771,10717.71,214255,169.946597861387,-19.4,138.368115340676,45.383333335,1072.2726219841,75
230348867.197857,10704.75,214199,168.819828316171,-17.6,137.835976380876,49.833333335,1065.40857780897,75
232064248.655265,10704.75,211234,167.659963316146,-15.4,137.308804194043,54.366666665,1060.31786980637,75
233812777.519053,10704.75,211032,166.475053551834,-11.8,136.801141176937,57.05,1056.97780727092,75
235577353.843011,10697.38,211063,165.271695332946,-18,136.313798845898,42,1055.32886771027,75
237325711.554978,10609.03,210907,164.054054755667,-16.2,135.833908603148,47.93333333,1055.25833085134,75
239022076.27141,10727.7,210875,162.82667608514,-17,135.357770471024,45.616666665,1056.68894353428,75
240627413.372505,10658.87,210785,161.594749987841,-15.4,134.886401081004,51.15,1059.56392676616,75
242100944.480735,10522.22,210633,160.364070460899,-14.6,134.420281287517,49.483333335,1063.82843265967,75
243411783.130134,10522.22,210564,159.140864097112,-16.4,133.964503304886,36.13333333,1069.43375693487,75
244543925.545091,10522.22,210465,157.931777927025,-15.6,133.528417319303,35.966666665,1076.33301246851,75
245489329.253279,10706.59,210485,156.74271679378,-11.4,133.107977066632,41.51666667,1084.44466876167,62.04
246225919.454015,10817.15,210413,155.578258359049,-10.6,132.685783441003,51.716666665,1093.63426201417,62.04
246742325.047495,10771.88,210269,154.441772009144,-12.2,132.248726538841,41.45,1103.80078395898,62.04
247034052.197966,10750.09,210125,153.335535300859,-12.6,131.790627878225,52.783333335,1114.85686290282,62.04
247102361.919175,10607.79,209722,152.260847610109,-12.4,131.309184104582,41.366666665,1126.72874707406,62.04
246953889.271845,10607.79,209611,151.2181407556,-10.2,130.80711280055,33.83333333,1139.33749901476,62.04
246606147.686104,10607.79,209496,150.207086467594,-17.8,130.287600630357,42.083333335,1152.61920839229,62.04
246086903.393762,10830.38,209451,149.2267006586,-11.6,129.740753546951,48.25,1166.47263112408,62.04
245407708.976452,10857.97,209336,148.275444528799,-11.8,129.143648743216,51.183333335,1180.73936120675,62.04
244581692.450073,10909.77,209400,147.351322604626,-12,128.478689336682,54.25,1195.31454537381,62.04
243621935.487324,10883.23,209383,146.451977864384,-14,127.733264080006,47.13333333,1210.11395642264,62.04
242542025.359158,10839.93,209248,145.574784150435,-11,126.904613856911,48.76666667,1225.07263569608,62.04
241355654.619183,10839.93,209189,144.716936103675,-11.8,125.993606224708,47.383333335,1240.13841314133,62.04
240082325.925667,10839.93,209180,143.875536882903,-25.2,125.013818279329,46.4,1255.27071144203,62.04
238749089.947018,10867.33,209089,143.047683949632,-15.4,123.966227756077,46.783333335,1270.3970394405,62.04
237366083.69415,10944.48,209072,142.230553208001,-12.6,122.839311008431,46.516666665,1285.38987890791,62.04
235940620.517384,10922.49,209130,141.421481790079,-14,121.634347767094,45.88333333,1300.18677191149,62.04
234478524.283071,10973.76,209121,140.618049768931,-12.4,120.358733831667,47.966666665,1314.76122153058,62.04
232984618.549311,10967.37,209028,139.818161065765,-14.2,119.026301566974,49.55,1329.13931216733,62.04
231464248.552874,10967.37,208959,139.020123793131,-10.6,117.658847464458,45.283333335,1343.37995210173,62.04
229926850.607276,10967.37,208914,138.222730243792,-19,116.279765385404,45.46666667,1357.56353568256,62.04
